email,name,company,position,industry,phone,category,city,subject,body_id,body_en,confidence,source
rizki@momentum.co.id,Rizki Ramadhan,PT Momentum Otomasi Indonesia (MOI),Sales Engineer,"Mechanical, Electrical, Automation",+62 778 6063000,System Integrator,Batam,Solusi Industrial IoT untuk PT Momentum Otomasi Indonesia (MOI) - SURIOTA,"Kepada Yth. Rizki Ramadhan,
(Sales Engineer)

Salam hangat dari PT Surya Inovasi Prioritas (SURIOTA).

Kami adalah perusahaan teknologi yang bergerak di bidang Industrial IoT Services dan System Integration berbasis di Batam. Melihat PT Momentum Otomasi Indonesia (MOI) sebagai perusahaan terkemuka di bidang Mechanical, Electrical, Automation, kami yakin ada peluang kolaborasi yang dapat saling menguntungkan.

**Layanan Kami yang Relevan untuk Industri Anda:**

1. **System Integration** - Koneksi PLC/SCADA ke Cloud, Modbus ke MQTT
2. **Predictive Maintenance** - Monitoring vibrasi & suhu untuk mencegah downtime
3. **Remote Monitoring Dashboard** - Real-time monitoring via web & mobile app
4. **Energy Management System** - Monitoring konsumsi listrik & carbon footprint
5. **Custom IoT Development** - Solusi custom sesuai kebutuhan operasional

**Produk Unggulan:**
- **SRT-MGATE-1210** - Industrial Modbus-to-MQTT Gateway (Rp 2.7jt)
- **SURGE Platform** - Multi-tenant IoT Monitoring SaaS (mulai $29/bulan)

**Track Record:**
- 55+ proyek sukses di sektor Manufacturing, Energy, Maritime, dan Logistics
- Klien: Industrial parks, Water utilities, Energy companies

Apakah Bapak/Ibu berkenan untuk meeting singkat (15-20 menit) via Zoom atau kunjungan ke kantor untuk diskusi lebih lanjut tentang kebutuhan PT Momentum Otomasi Indonesia (MOI)?

Hormat kami,

Tim SURIOTA
PT Surya Inovasi Prioritas
Website: www.suriota.com
WhatsApp: +62 858-3567-2476
Email: sales@suriota.com
","Dear Rizki Ramadhan,
(Sales Engineer)

Warm greetings from PT Surya Inovasi Prioritas (SURIOTA).

We are a technology company specializing in Industrial IoT Services and System Integration based in Batam. Recognizing PT Momentum Otomasi Indonesia (MOI) as a leading company in Mechanical, Electrical, Automation, we believe there are mutually beneficial collaboration opportunities.

**Our Services Relevant to Your Industry:**

1. **System Integration** - PLC/SCADA to Cloud, Modbus to MQTT connectivity
2. **Predictive Maintenance** - Vibration & temperature monitoring to prevent downtime
3. **Remote Monitoring Dashboard** - Real-time monitoring via web & mobile app
4. **Energy Management System** - Power consumption & carbon footprint tracking
5. **Custom IoT Development** - Tailored solutions for your operational needs

**Key Products:**
- **SRT-MGATE-1210** - Industrial Modbus-to-MQTT Gateway (~$169)
- **SURGE Platform** - Multi-tenant IoT Monitoring SaaS (from $29/month)

**Track Record:**
- 55+ successful projects in Manufacturing, Energy, Maritime, and Logistics
- Clients: Industrial parks, Water utilities, Energy companies

Would you be available for a brief meeting (15-20 minutes) via Zoom or an office visit to discuss PT Momentum Otomasi Indonesia (MOI)'s specific needs?

Best regards,

SURIOTA Team
PT Surya Inovasi Prioritas
Website: www.suriota.com
WhatsApp: +62 858-3567-2476
Email: sales@suriota.com
",99,Hunter.io
asdhi@momentum.co.id,Asdhi Hidayatullah,PT Momentum Otomasi Indonesia (MOI),.NET Developer,"Mechanical, Electrical, Automation",+62 778 6063000,System Integrator,Batam,Solusi Industrial IoT untuk PT Momentum Otomasi Indonesia (MOI) - SURIOTA,"Kepada Yth. Asdhi Hidayatullah,
(.NET Developer)

Salam hangat dari PT Surya Inovasi Prioritas (SURIOTA).

Kami adalah perusahaan teknologi yang bergerak di bidang Industrial IoT Services dan System Integration berbasis di Batam. Melihat PT Momentum Otomasi Indonesia (MOI) sebagai perusahaan terkemuka di bidang Mechanical, Electrical, Automation, kami yakin ada peluang kolaborasi yang dapat saling menguntungkan.

**Layanan Kami yang Relevan untuk Industri Anda:**

1. **System Integration** - Koneksi PLC/SCADA ke Cloud, Modbus ke MQTT
2. **Predictive Maintenance** - Monitoring vibrasi & suhu untuk mencegah downtime
3. **Remote Monitoring Dashboard** - Real-time monitoring via web & mobile app
4. **Energy Management System** - Monitoring konsumsi listrik & carbon footprint
5. **Custom IoT Development** - Solusi custom sesuai kebutuhan operasional

**Produk Unggulan:**
- **SRT-MGATE-1210** - Industrial Modbus-to-MQTT Gateway (Rp 2.7jt)
- **SURGE Platform** - Multi-tenant IoT Monitoring SaaS (mulai $29/bulan)

**Track Record:**
- 55+ proyek sukses di sektor Manufacturing, Energy, Maritime, dan Logistics
- Klien: Industrial parks, Water utilities, Energy companies

Apakah Bapak/Ibu berkenan untuk meeting singkat (15-20 menit) via Zoom atau kunjungan ke kantor untuk diskusi lebih lanjut tentang kebutuhan PT Momentum Otomasi Indonesia (MOI)?

Hormat kami,

Tim SURIOTA
PT Surya Inovasi Prioritas
Website: www.suriota.com
WhatsApp: +62 858-3567-2476
Email: sales@suriota.com
","Dear Asdhi Hidayatullah,
(.NET Developer)

Warm greetings from PT Surya Inovasi Prioritas (SURIOTA).

We are a technology company specializing in Industrial IoT Services and System Integration based in Batam. Recognizing PT Momentum Otomasi Indonesia (MOI) as a leading company in Mechanical, Electrical, Automation, we believe there are mutually beneficial collaboration opportunities.

**Our Services Relevant to Your Industry:**

1. **System Integration** - PLC/SCADA to Cloud, Modbus to MQTT connectivity
2. **Predictive Maintenance** - Vibration & temperature monitoring to prevent downtime
3. **Remote Monitoring Dashboard** - Real-time monitoring via web & mobile app
4. **Energy Management System** - Power consumption & carbon footprint tracking
5. **Custom IoT Development** - Tailored solutions for your operational needs

**Key Products:**
- **SRT-MGATE-1210** - Industrial Modbus-to-MQTT Gateway (~$169)
- **SURGE Platform** - Multi-tenant IoT Monitoring SaaS (from $29/month)

**Track Record:**
- 55+ successful projects in Manufacturing, Energy, Maritime, and Logistics
- Clients: Industrial parks, Water utilities, Energy companies

Would you be available for a brief meeting (15-20 minutes) via Zoom or an office visit to discuss PT Momentum Otomasi Indonesia (MOI)'s specific needs?

Best regards,

SURIOTA Team
PT Surya Inovasi Prioritas
Website: www.suriota.com
WhatsApp: +62 858-3567-2476
Email: sales@suriota.com
",98,Hunter.io
support@momentum.co.id,Support Team,PT Momentum Otomasi Indonesia (MOI),Support,"Mechanical, Electrical, Automation",+62 815 6063000,System Integrator,Batam,Solusi Industrial IoT untuk PT Momentum Otomasi Indonesia (MOI) - SURIOTA,"Kepada Yth. Support Team,

Salam hangat dari PT Surya Inovasi Prioritas (SURIOTA).

Kami adalah perusahaan teknologi yang bergerak di bidang Industrial IoT Services dan System Integration berbasis di Batam. Melihat PT Momentum Otomasi Indonesia (MOI) sebagai perusahaan terkemuka di bidang Mechanical, Electrical, Automation, kami yakin ada peluang kolaborasi yang dapat saling menguntungkan.

**Layanan Kami yang Relevan untuk Industri Anda:**

1. **System Integration** - Koneksi PLC/SCADA ke Cloud, Modbus ke MQTT
2. **Predictive Maintenance** - Monitoring vibrasi & suhu untuk mencegah downtime
3. **Remote Monitoring Dashboard** - Real-time monitoring via web & mobile app
4. **Energy Management System** - Monitoring konsumsi listrik & carbon footprint
5. **Custom IoT Development** - Solusi custom sesuai kebutuhan operasional

**Produk Unggulan:**
- **SRT-MGATE-1210** - Industrial Modbus-to-MQTT Gateway (Rp 2.7jt)
- **SURGE Platform** - Multi-tenant IoT Monitoring SaaS (mulai $29/bulan)

**Track Record:**
- 55+ proyek sukses di sektor Manufacturing, Energy, Maritime, dan Logistics
- Klien: Industrial parks, Water utilities, Energy companies

Apakah Bapak/Ibu berkenan untuk meeting singkat (15-20 menit) via Zoom atau kunjungan ke kantor untuk diskusi lebih lanjut tentang kebutuhan PT Momentum Otomasi Indonesia (MOI)?

Hormat kami,

Tim SURIOTA
PT Surya Inovasi Prioritas
Website: www.suriota.com
WhatsApp: +62 858-3567-2476
Email: sales@suriota.com
","Dear Support Team,

Warm greetings from PT Surya Inovasi Prioritas (SURIOTA).

We are a technology company specializing in Industrial IoT Services and System Integration based in Batam. Recognizing PT Momentum Otomasi Indonesia (MOI) as a leading company in Mechanical, Electrical, Automation, we believe there are mutually beneficial collaboration opportunities.

**Our Services Relevant to Your Industry:**

1. **System Integration** - PLC/SCADA to Cloud, Modbus to MQTT connectivity
2. **Predictive Maintenance** - Vibration & temperature monitoring to prevent downtime
3. **Remote Monitoring Dashboard** - Real-time monitoring via web & mobile app
4. **Energy Management System** - Power consumption & carbon footprint tracking
5. **Custom IoT Development** - Tailored solutions for your operational needs

**Key Products:**
- **SRT-MGATE-1210** - Industrial Modbus-to-MQTT Gateway (~$169)
- **SURGE Platform** - Multi-tenant IoT Monitoring SaaS (from $29/month)

**Track Record:**
- 55+ successful projects in Manufacturing, Energy, Maritime, and Logistics
- Clients: Industrial parks, Water utilities, Energy companies

Would you be available for a brief meeting (15-20 minutes) via Zoom or an office visit to discuss PT Momentum Otomasi Indonesia (MOI)'s specific needs?

Best regards,

SURIOTA Team
PT Surya Inovasi Prioritas
Website: www.suriota.com
WhatsApp: +62 858-3567-2476
Email: sales@suriota.com
",78,Hunter.io
dedent@momentum.co.id,Dedent,PT Momentum Otomasi Indonesia (MOI),Contact Person,"Mechanical, Electrical, Automation",+62 816 818010,System Integrator,Batam,Solusi Industrial IoT untuk PT Momentum Otomasi Indonesia (MOI) - SURIOTA,"Kepada Yth. Dedent,

Salam hangat dari PT Surya Inovasi Prioritas (SURIOTA).

Kami adalah perusahaan teknologi yang bergerak di bidang Industrial IoT Services dan System Integration berbasis di Batam. Melihat PT Momentum Otomasi Indonesia (MOI) sebagai perusahaan terkemuka di bidang Mechanical, Electrical, Automation, kami yakin ada peluang kolaborasi yang dapat saling menguntungkan.

**Layanan Kami yang Relevan untuk Industri Anda:**

1. **System Integration** - Koneksi PLC/SCADA ke Cloud, Modbus ke MQTT
2. **Predictive Maintenance** - Monitoring vibrasi & suhu untuk mencegah downtime
3. **Remote Monitoring Dashboard** - Real-time monitoring via web & mobile app
4. **Energy Management System** - Monitoring konsumsi listrik & carbon footprint
5. **Custom IoT Development** - Solusi custom sesuai kebutuhan operasional

**Produk Unggulan:**
- **SRT-MGATE-1210** - Industrial Modbus-to-MQTT Gateway (Rp 2.7jt)
- **SURGE Platform** - Multi-tenant IoT Monitoring SaaS (mulai $29/bulan)

**Track Record:**
- 55+ proyek sukses di sektor Manufacturing, Energy, Maritime, dan Logistics
- Klien: Industrial parks, Water utilities, Energy companies

Apakah Bapak/Ibu berkenan untuk meeting singkat (15-20 menit) via Zoom atau kunjungan ke kantor untuk diskusi lebih lanjut tentang kebutuhan PT Momentum Otomasi Indonesia (MOI)?

Hormat kami,

Tim SURIOTA
PT Surya Inovasi Prioritas
Website: www.suriota.com
WhatsApp: +62 858-3567-2476
Email: sales@suriota.com
","Dear Dedent,

Warm greetings from PT Surya Inovasi Prioritas (SURIOTA).

We are a technology company specializing in Industrial IoT Services and System Integration based in Batam. Recognizing PT Momentum Otomasi Indonesia (MOI) as a leading company in Mechanical, Electrical, Automation, we believe there are mutually beneficial collaboration opportunities.

**Our Services Relevant to Your Industry:**

1. **System Integration** - PLC/SCADA to Cloud, Modbus to MQTT connectivity
2. **Predictive Maintenance** - Vibration & temperature monitoring to prevent downtime
3. **Remote Monitoring Dashboard** - Real-time monitoring via web & mobile app
4. **Energy Management System** - Power consumption & carbon footprint tracking
5. **Custom IoT Development** - Tailored solutions for your operational needs

**Key Products:**
- **SRT-MGATE-1210** - Industrial Modbus-to-MQTT Gateway (~$169)
- **SURGE Platform** - Multi-tenant IoT Monitoring SaaS (from $29/month)

**Track Record:**
- 55+ successful projects in Manufacturing, Energy, Maritime, and Logistics
- Clients: Industrial parks, Water utilities, Energy companies

Would you be available for a brief meeting (15-20 minutes) via Zoom or an office visit to discuss PT Momentum Otomasi Indonesia (MOI)'s specific needs?

Best regards,

SURIOTA Team
PT Surya Inovasi Prioritas
Website: www.suriota.com
WhatsApp: +62 858-3567-2476
Email: sales@suriota.com
",75,Web + Hunter.io
sales@batambmi.com,Sales Team,PT Batam Manufaktur Indonesia (BMI),Sales,"Fabrication, Machine Design, Maintenance & Overhaul",+62 812-6051-4836,Fabrication & Manufacturing,Batam,Solusi Industrial IoT untuk PT Batam Manufaktur Indonesia (BMI) - SURIOTA,"Kepada Yth. Sales Team,

Salam hangat dari PT Surya Inovasi Prioritas (SURIOTA).

Kami adalah perusahaan teknologi yang bergerak di bidang Industrial IoT Services dan System Integration berbasis di Batam. Melihat PT Batam Manufaktur Indonesia (BMI) sebagai perusahaan terkemuka di bidang Fabrication, Machine Design, Maintenance & Overhaul, kami yakin ada peluang kolaborasi yang dapat saling menguntungkan.

**Layanan Kami yang Relevan untuk Industri Anda:**

1. **System Integration** - Koneksi PLC/SCADA ke Cloud, Modbus ke MQTT
2. **Predictive Maintenance** - Monitoring vibrasi & suhu untuk mencegah downtime
3. **Remote Monitoring Dashboard** - Real-time monitoring via web & mobile app
4. **Energy Management System** - Monitoring konsumsi listrik & carbon footprint
5. **Custom IoT Development** - Solusi custom sesuai kebutuhan operasional

**Produk Unggulan:**
- **SRT-MGATE-1210** - Industrial Modbus-to-MQTT Gateway (Rp 2.7jt)
- **SURGE Platform** - Multi-tenant IoT Monitoring SaaS (mulai $29/bulan)

**Track Record:**
- 55+ proyek sukses di sektor Manufacturing, Energy, Maritime, dan Logistics
- Klien: Industrial parks, Water utilities, Energy companies

Apakah Bapak/Ibu berkenan untuk meeting singkat (15-20 menit) via Zoom atau kunjungan ke kantor untuk diskusi lebih lanjut tentang kebutuhan PT Batam Manufaktur Indonesia (BMI)?

Hormat kami,

Tim SURIOTA
PT Surya Inovasi Prioritas
Website: www.suriota.com
WhatsApp: +62 858-3567-2476
Email: sales@suriota.com
","Dear Sales Team,

Warm greetings from PT Surya Inovasi Prioritas (SURIOTA).

We are a technology company specializing in Industrial IoT Services and System Integration based in Batam. Recognizing PT Batam Manufaktur Indonesia (BMI) as a leading company in Fabrication, Machine Design, Maintenance & Overhaul, we believe there are mutually beneficial collaboration opportunities.

**Our Services Relevant to Your Industry:**

1. **System Integration** - PLC/SCADA to Cloud, Modbus to MQTT connectivity
2. **Predictive Maintenance** - Vibration & temperature monitoring to prevent downtime
3. **Remote Monitoring Dashboard** - Real-time monitoring via web & mobile app
4. **Energy Management System** - Power consumption & carbon footprint tracking
5. **Custom IoT Development** - Tailored solutions for your operational needs

**Key Products:**
- **SRT-MGATE-1210** - Industrial Modbus-to-MQTT Gateway (~$169)
- **SURGE Platform** - Multi-tenant IoT Monitoring SaaS (from $29/month)

**Track Record:**
- 55+ successful projects in Manufacturing, Energy, Maritime, and Logistics
- Clients: Industrial parks, Water utilities, Energy companies

Would you be available for a brief meeting (15-20 minutes) via Zoom or an office visit to discuss PT Batam Manufaktur Indonesia (BMI)'s specific needs?

Best regards,

SURIOTA Team
PT Surya Inovasi Prioritas
Website: www.suriota.com
WhatsApp: +62 858-3567-2476
Email: sales@suriota.com
",80,Web Scraping
sales@epcm-industries.com,Sales Team,PT EPC-M Fabricators Perkasa,Sales,"Oil & Gas Module Construction, Fabrication Yard",+62 778 741 8980,EPC & Fabrication,Batam,Solusi Industrial IoT untuk PT EPC-M Fabricators Perkasa - SURIOTA,"Kepada Yth. Sales Team,

Salam hangat dari PT Surya Inovasi Prioritas (SURIOTA).

Kami adalah perusahaan teknologi yang bergerak di bidang Industrial IoT Services dan System Integration berbasis di Batam. Melihat PT EPC-M Fabricators Perkasa sebagai perusahaan terkemuka di bidang Oil & Gas Module Construction, Fabrication Yard, kami yakin ada peluang kolaborasi yang dapat saling menguntungkan.

**Layanan Kami yang Relevan untuk Industri Anda:**

1. **System Integration** - Koneksi PLC/SCADA ke Cloud, Modbus ke MQTT
2. **Predictive Maintenance** - Monitoring vibrasi & suhu untuk mencegah downtime
3. **Remote Monitoring Dashboard** - Real-time monitoring via web & mobile app
4. **Energy Management System** - Monitoring konsumsi listrik & carbon footprint
5. **Custom IoT Development** - Solusi custom sesuai kebutuhan operasional

**Produk Unggulan:**
- **SRT-MGATE-1210** - Industrial Modbus-to-MQTT Gateway (Rp 2.7jt)
- **SURGE Platform** - Multi-tenant IoT Monitoring SaaS (mulai $29/bulan)

**Track Record:**
- 55+ proyek sukses di sektor Manufacturing, Energy, Maritime, dan Logistics
- Klien: Industrial parks, Water utilities, Energy companies

Apakah Bapak/Ibu berkenan untuk meeting singkat (15-20 menit) via Zoom atau kunjungan ke kantor untuk diskusi lebih lanjut tentang kebutuhan PT EPC-M Fabricators Perkasa?

Hormat kami,

Tim SURIOTA
PT Surya Inovasi Prioritas
Website: www.suriota.com
WhatsApp: +62 858-3567-2476
Email: sales@suriota.com
","Dear Sales Team,

Warm greetings from PT Surya Inovasi Prioritas (SURIOTA).

We are a technology company specializing in Industrial IoT Services and System Integration based in Batam. Recognizing PT EPC-M Fabricators Perkasa as a leading company in Oil & Gas Module Construction, Fabrication Yard, we believe there are mutually beneficial collaboration opportunities.

**Our Services Relevant to Your Industry:**

1. **System Integration** - PLC/SCADA to Cloud, Modbus to MQTT connectivity
2. **Predictive Maintenance** - Vibration & temperature monitoring to prevent downtime
3. **Remote Monitoring Dashboard** - Real-time monitoring via web & mobile app
4. **Energy Management System** - Power consumption & carbon footprint tracking
5. **Custom IoT Development** - Tailored solutions for your operational needs

**Key Products:**
- **SRT-MGATE-1210** - Industrial Modbus-to-MQTT Gateway (~$169)
- **SURGE Platform** - Multi-tenant IoT Monitoring SaaS (from $29/month)

**Track Record:**
- 55+ successful projects in Manufacturing, Energy, Maritime, and Logistics
- Clients: Industrial parks, Water utilities, Energy companies

Would you be available for a brief meeting (15-20 minutes) via Zoom or an office visit to discuss PT EPC-M Fabricators Perkasa's specific needs?

Best regards,

SURIOTA Team
PT Surya Inovasi Prioritas
Website: www.suriota.com
WhatsApp: +62 858-3567-2476
Email: sales@suriota.com
",99,Hunter.io
wahyu@epcm-industries.com,Wahyu,PT EPC-M Fabricators Perkasa,Contact Person,"Oil & Gas Module Construction, Fabrication Yard",+62 778 741 8980,EPC & Fabrication,Batam,Solusi Industrial IoT untuk PT EPC-M Fabricators Perkasa - SURIOTA,"Kepada Yth. Wahyu,

Salam hangat dari PT Surya Inovasi Prioritas (SURIOTA).

Kami adalah perusahaan teknologi yang bergerak di bidang Industrial IoT Services dan System Integration berbasis di Batam. Melihat PT EPC-M Fabricators Perkasa sebagai perusahaan terkemuka di bidang Oil & Gas Module Construction, Fabrication Yard, kami yakin ada peluang kolaborasi yang dapat saling menguntungkan.

**Layanan Kami yang Relevan untuk Industri Anda:**

1. **System Integration** - Koneksi PLC/SCADA ke Cloud, Modbus ke MQTT
2. **Predictive Maintenance** - Monitoring vibrasi & suhu untuk mencegah downtime
3. **Remote Monitoring Dashboard** - Real-time monitoring via web & mobile app
4. **Energy Management System** - Monitoring konsumsi listrik & carbon footprint
5. **Custom IoT Development** - Solusi custom sesuai kebutuhan operasional

**Produk Unggulan:**
- **SRT-MGATE-1210** - Industrial Modbus-to-MQTT Gateway (Rp 2.7jt)
- **SURGE Platform** - Multi-tenant IoT Monitoring SaaS (mulai $29/bulan)

**Track Record:**
- 55+ proyek sukses di sektor Manufacturing, Energy, Maritime, dan Logistics
- Klien: Industrial parks, Water utilities, Energy companies

Apakah Bapak/Ibu berkenan untuk meeting singkat (15-20 menit) via Zoom atau kunjungan ke kantor untuk diskusi lebih lanjut tentang kebutuhan PT EPC-M Fabricators Perkasa?

Hormat kami,

Tim SURIOTA
PT Surya Inovasi Prioritas
Website: www.suriota.com
WhatsApp: +62 858-3567-2476
Email: sales@suriota.com
","Dear Wahyu,

Warm greetings from PT Surya Inovasi Prioritas (SURIOTA).

We are a technology company specializing in Industrial IoT Services and System Integration based in Batam. Recognizing PT EPC-M Fabricators Perkasa as a leading company in Oil & Gas Module Construction, Fabrication Yard, we believe there are mutually beneficial collaboration opportunities.

**Our Services Relevant to Your Industry:**

1. **System Integration** - PLC/SCADA to Cloud, Modbus to MQTT connectivity
2. **Predictive Maintenance** - Vibration & temperature monitoring to prevent downtime
3. **Remote Monitoring Dashboard** - Real-time monitoring via web & mobile app
4. **Energy Management System** - Power consumption & carbon footprint tracking
5. **Custom IoT Development** - Tailored solutions for your operational needs

**Key Products:**
- **SRT-MGATE-1210** - Industrial Modbus-to-MQTT Gateway (~$169)
- **SURGE Platform** - Multi-tenant IoT Monitoring SaaS (from $29/month)

**Track Record:**
- 55+ successful projects in Manufacturing, Energy, Maritime, and Logistics
- Clients: Industrial parks, Water utilities, Energy companies

Would you be available for a brief meeting (15-20 minutes) via Zoom or an office visit to discuss PT EPC-M Fabricators Perkasa's specific needs?

Best regards,

SURIOTA Team
PT Surya Inovasi Prioritas
Website: www.suriota.com
WhatsApp: +62 858-3567-2476
Email: sales@suriota.com
",84,Hunter.io
sales@makmurindopratama.com,Sales Team,PT Makmurindo Pratama,Sales,"High Precision Machining, General Part Supplier",+62 778 780 1399,Precision Machining,Batam,Solusi Industrial IoT untuk PT Makmurindo Pratama - SURIOTA,"Kepada Yth. Sales Team,

Salam hangat dari PT Surya Inovasi Prioritas (SURIOTA).

Kami adalah perusahaan teknologi yang bergerak di bidang Industrial IoT Services dan System Integration berbasis di Batam. Melihat PT Makmurindo Pratama sebagai perusahaan terkemuka di bidang High Precision Machining, General Part Supplier, kami yakin ada peluang kolaborasi yang dapat saling menguntungkan.

**Layanan Kami yang Relevan untuk Industri Anda:**

1. **System Integration** - Koneksi PLC/SCADA ke Cloud, Modbus ke MQTT
2. **Predictive Maintenance** - Monitoring vibrasi & suhu untuk mencegah downtime
3. **Remote Monitoring Dashboard** - Real-time monitoring via web & mobile app
4. **Energy Management System** - Monitoring konsumsi listrik & carbon footprint
5. **Custom IoT Development** - Solusi custom sesuai kebutuhan operasional

**Produk Unggulan:**
- **SRT-MGATE-1210** - Industrial Modbus-to-MQTT Gateway (Rp 2.7jt)
- **SURGE Platform** - Multi-tenant IoT Monitoring SaaS (mulai $29/bulan)

**Track Record:**
- 55+ proyek sukses di sektor Manufacturing, Energy, Maritime, dan Logistics
- Klien: Industrial parks, Water utilities, Energy companies

Apakah Bapak/Ibu berkenan untuk meeting singkat (15-20 menit) via Zoom atau kunjungan ke kantor untuk diskusi lebih lanjut tentang kebutuhan PT Makmurindo Pratama?

Hormat kami,

Tim SURIOTA
PT Surya Inovasi Prioritas
Website: www.suriota.com
WhatsApp: +62 858-3567-2476
Email: sales@suriota.com
","Dear Sales Team,

Warm greetings from PT Surya Inovasi Prioritas (SURIOTA).

We are a technology company specializing in Industrial IoT Services and System Integration based in Batam. Recognizing PT Makmurindo Pratama as a leading company in High Precision Machining, General Part Supplier, we believe there are mutually beneficial collaboration opportunities.

**Our Services Relevant to Your Industry:**

1. **System Integration** - PLC/SCADA to Cloud, Modbus to MQTT connectivity
2. **Predictive Maintenance** - Vibration & temperature monitoring to prevent downtime
3. **Remote Monitoring Dashboard** - Real-time monitoring via web & mobile app
4. **Energy Management System** - Power consumption & carbon footprint tracking
5. **Custom IoT Development** - Tailored solutions for your operational needs

**Key Products:**
- **SRT-MGATE-1210** - Industrial Modbus-to-MQTT Gateway (~$169)
- **SURGE Platform** - Multi-tenant IoT Monitoring SaaS (from $29/month)

**Track Record:**
- 55+ successful projects in Manufacturing, Energy, Maritime, and Logistics
- Clients: Industrial parks, Water utilities, Energy companies

Would you be available for a brief meeting (15-20 minutes) via Zoom or an office visit to discuss PT Makmurindo Pratama's specific needs?

Best regards,

SURIOTA Team
PT Surya Inovasi Prioritas
Website: www.suriota.com
WhatsApp: +62 858-3567-2476
Email: sales@suriota.com
",80,Web Scraping
info@sinarunggul.com,Info Team,PT Sinar Unggul Pratama,Contact,"Welding Equipment, Industrial Automation",+62 778 7368559,Industrial Automation,Batam,Solusi Industrial IoT untuk PT Sinar Unggul Pratama - SURIOTA,"Kepada Yth. Info Team,

Salam hangat dari PT Surya Inovasi Prioritas (SURIOTA).

Kami adalah perusahaan teknologi yang bergerak di bidang Industrial IoT Services dan System Integration berbasis di Batam. Melihat PT Sinar Unggul Pratama sebagai perusahaan terkemuka di bidang Welding Equipment, Industrial Automation, kami yakin ada peluang kolaborasi yang dapat saling menguntungkan.

**Layanan Kami yang Relevan untuk Industri Anda:**

1. **System Integration** - Koneksi PLC/SCADA ke Cloud, Modbus ke MQTT
2. **Predictive Maintenance** - Monitoring vibrasi & suhu untuk mencegah downtime
3. **Remote Monitoring Dashboard** - Real-time monitoring via web & mobile app
4. **Energy Management System** - Monitoring konsumsi listrik & carbon footprint
5. **Custom IoT Development** - Solusi custom sesuai kebutuhan operasional

**Produk Unggulan:**
- **SRT-MGATE-1210** - Industrial Modbus-to-MQTT Gateway (Rp 2.7jt)
- **SURGE Platform** - Multi-tenant IoT Monitoring SaaS (mulai $29/bulan)

**Track Record:**
- 55+ proyek sukses di sektor Manufacturing, Energy, Maritime, dan Logistics
- Klien: Industrial parks, Water utilities, Energy companies

Apakah Bapak/Ibu berkenan untuk meeting singkat (15-20 menit) via Zoom atau kunjungan ke kantor untuk diskusi lebih lanjut tentang kebutuhan PT Sinar Unggul Pratama?

Hormat kami,

Tim SURIOTA
PT Surya Inovasi Prioritas
Website: www.suriota.com
WhatsApp: +62 858-3567-2476
Email: sales@suriota.com
","Dear Info Team,

Warm greetings from PT Surya Inovasi Prioritas (SURIOTA).

We are a technology company specializing in Industrial IoT Services and System Integration based in Batam. Recognizing PT Sinar Unggul Pratama as a leading company in Welding Equipment, Industrial Automation, we believe there are mutually beneficial collaboration opportunities.

**Our Services Relevant to Your Industry:**

1. **System Integration** - PLC/SCADA to Cloud, Modbus to MQTT connectivity
2. **Predictive Maintenance** - Vibration & temperature monitoring to prevent downtime
3. **Remote Monitoring Dashboard** - Real-time monitoring via web & mobile app
4. **Energy Management System** - Power consumption & carbon footprint tracking
5. **Custom IoT Development** - Tailored solutions for your operational needs

**Key Products:**
- **SRT-MGATE-1210** - Industrial Modbus-to-MQTT Gateway (~$169)
- **SURGE Platform** - Multi-tenant IoT Monitoring SaaS (from $29/month)

**Track Record:**
- 55+ successful projects in Manufacturing, Energy, Maritime, and Logistics
- Clients: Industrial parks, Water utilities, Energy companies

Would you be available for a brief meeting (15-20 minutes) via Zoom or an office visit to discuss PT Sinar Unggul Pratama's specific needs?

Best regards,

SURIOTA Team
PT Surya Inovasi Prioritas
Website: www.suriota.com
WhatsApp: +62 858-3567-2476
Email: sales@suriota.com
",99,Hunter.io
sales@datamjaya.com,Sales Team,PT Datam Jaya Abadi,Sales,"Precision Machining, Tooling, Semiconductor Support",+62 778 7431104,Precision Machining,Batam,Solusi Industrial IoT untuk PT Datam Jaya Abadi - SURIOTA,"Kepada Yth. Sales Team,

Salam hangat dari PT Surya Inovasi Prioritas (SURIOTA).

Kami adalah perusahaan teknologi yang bergerak di bidang Industrial IoT Services dan System Integration berbasis di Batam. Melihat PT Datam Jaya Abadi sebagai perusahaan terkemuka di bidang Precision Machining, Tooling, Semiconductor Support, kami yakin ada peluang kolaborasi yang dapat saling menguntungkan.

**Layanan Kami yang Relevan untuk Industri Anda:**

1. **System Integration** - Koneksi PLC/SCADA ke Cloud, Modbus ke MQTT
2. **Predictive Maintenance** - Monitoring vibrasi & suhu untuk mencegah downtime
3. **Remote Monitoring Dashboard** - Real-time monitoring via web & mobile app
4. **Energy Management System** - Monitoring konsumsi listrik & carbon footprint
5. **Custom IoT Development** - Solusi custom sesuai kebutuhan operasional

**Produk Unggulan:**
- **SRT-MGATE-1210** - Industrial Modbus-to-MQTT Gateway (Rp 2.7jt)
- **SURGE Platform** - Multi-tenant IoT Monitoring SaaS (mulai $29/bulan)

**Track Record:**
- 55+ proyek sukses di sektor Manufacturing, Energy, Maritime, dan Logistics
- Klien: Industrial parks, Water utilities, Energy companies

Apakah Bapak/Ibu berkenan untuk meeting singkat (15-20 menit) via Zoom atau kunjungan ke kantor untuk diskusi lebih lanjut tentang kebutuhan PT Datam Jaya Abadi?

Hormat kami,

Tim SURIOTA
PT Surya Inovasi Prioritas
Website: www.suriota.com
WhatsApp: +62 858-3567-2476
Email: sales@suriota.com
","Dear Sales Team,

Warm greetings from PT Surya Inovasi Prioritas (SURIOTA).

We are a technology company specializing in Industrial IoT Services and System Integration based in Batam. Recognizing PT Datam Jaya Abadi as a leading company in Precision Machining, Tooling, Semiconductor Support, we believe there are mutually beneficial collaboration opportunities.

**Our Services Relevant to Your Industry:**

1. **System Integration** - PLC/SCADA to Cloud, Modbus to MQTT connectivity
2. **Predictive Maintenance** - Vibration & temperature monitoring to prevent downtime
3. **Remote Monitoring Dashboard** - Real-time monitoring via web & mobile app
4. **Energy Management System** - Power consumption & carbon footprint tracking
5. **Custom IoT Development** - Tailored solutions for your operational needs

**Key Products:**
- **SRT-MGATE-1210** - Industrial Modbus-to-MQTT Gateway (~$169)
- **SURGE Platform** - Multi-tenant IoT Monitoring SaaS (from $29/month)

**Track Record:**
- 55+ successful projects in Manufacturing, Energy, Maritime, and Logistics
- Clients: Industrial parks, Water utilities, Energy companies

Would you be available for a brief meeting (15-20 minutes) via Zoom or an office visit to discuss PT Datam Jaya Abadi's specific needs?

Best regards,

SURIOTA Team
PT Surya Inovasi Prioritas
Website: www.suriota.com
WhatsApp: +62 858-3567-2476
Email: sales@suriota.com
",77,Hunter.io
info@fashawa.com,Info Team,PT Fashawa Teknindo Berkah,Contact,"Fabrication, Jigs & Fixtures, Semi Auto & Automation",+62 778-749-9079,Fabrication & Automation,Batam,Solusi Industrial IoT untuk PT Fashawa Teknindo Berkah - SURIOTA,"Kepada Yth. Info Team,

Salam hangat dari PT Surya Inovasi Prioritas (SURIOTA).

Kami adalah perusahaan teknologi yang bergerak di bidang Industrial IoT Services dan System Integration berbasis di Batam. Melihat PT Fashawa Teknindo Berkah sebagai perusahaan terkemuka di bidang Fabrication, Jigs & Fixtures, Semi Auto & Automation, kami yakin ada peluang kolaborasi yang dapat saling menguntungkan.

**Layanan Kami yang Relevan untuk Industri Anda:**

1. **System Integration** - Koneksi PLC/SCADA ke Cloud, Modbus ke MQTT
2. **Predictive Maintenance** - Monitoring vibrasi & suhu untuk mencegah downtime
3. **Remote Monitoring Dashboard** - Real-time monitoring via web & mobile app
4. **Energy Management System** - Monitoring konsumsi listrik & carbon footprint
5. **Custom IoT Development** - Solusi custom sesuai kebutuhan operasional

**Produk Unggulan:**
- **SRT-MGATE-1210** - Industrial Modbus-to-MQTT Gateway (Rp 2.7jt)
- **SURGE Platform** - Multi-tenant IoT Monitoring SaaS (mulai $29/bulan)

**Track Record:**
- 55+ proyek sukses di sektor Manufacturing, Energy, Maritime, dan Logistics
- Klien: Industrial parks, Water utilities, Energy companies

Apakah Bapak/Ibu berkenan untuk meeting singkat (15-20 menit) via Zoom atau kunjungan ke kantor untuk diskusi lebih lanjut tentang kebutuhan PT Fashawa Teknindo Berkah?

Hormat kami,

Tim SURIOTA
PT Surya Inovasi Prioritas
Website: www.suriota.com
WhatsApp: +62 858-3567-2476
Email: sales@suriota.com
","Dear Info Team,

Warm greetings from PT Surya Inovasi Prioritas (SURIOTA).

We are a technology company specializing in Industrial IoT Services and System Integration based in Batam. Recognizing PT Fashawa Teknindo Berkah as a leading company in Fabrication, Jigs & Fixtures, Semi Auto & Automation, we believe there are mutually beneficial collaboration opportunities.

**Our Services Relevant to Your Industry:**

1. **System Integration** - PLC/SCADA to Cloud, Modbus to MQTT connectivity
2. **Predictive Maintenance** - Vibration & temperature monitoring to prevent downtime
3. **Remote Monitoring Dashboard** - Real-time monitoring via web & mobile app
4. **Energy Management System** - Power consumption & carbon footprint tracking
5. **Custom IoT Development** - Tailored solutions for your operational needs

**Key Products:**
- **SRT-MGATE-1210** - Industrial Modbus-to-MQTT Gateway (~$169)
- **SURGE Platform** - Multi-tenant IoT Monitoring SaaS (from $29/month)

**Track Record:**
- 55+ successful projects in Manufacturing, Energy, Maritime, and Logistics
- Clients: Industrial parks, Water utilities, Energy companies

Would you be available for a brief meeting (15-20 minutes) via Zoom or an office visit to discuss PT Fashawa Teknindo Berkah's specific needs?

Best regards,

SURIOTA Team
PT Surya Inovasi Prioritas
Website: www.suriota.com
WhatsApp: +62 858-3567-2476
Email: sales@suriota.com
",80,Web Scraping
alfis.vernando@mitrakaryasarana.com,Alfis Vernando,PT Mitra Karya Sarana (MKS),Chief Marketing Officer,"Steel Fabrication, Machining, Marine Contractor",,Fabrication & Marine,Batam,Solusi Industrial IoT untuk PT Mitra Karya Sarana (MKS) - SURIOTA,"Kepada Yth. Alfis Vernando,
(Chief Marketing Officer)

Salam hangat dari PT Surya Inovasi Prioritas (SURIOTA).

Kami adalah perusahaan teknologi yang bergerak di bidang Industrial IoT Services dan System Integration berbasis di Batam. Melihat PT Mitra Karya Sarana (MKS) sebagai perusahaan terkemuka di bidang Steel Fabrication, Machining, Marine Contractor, kami yakin ada peluang kolaborasi yang dapat saling menguntungkan.

**Layanan Kami yang Relevan untuk Industri Anda:**

1. **System Integration** - Koneksi PLC/SCADA ke Cloud, Modbus ke MQTT
2. **Predictive Maintenance** - Monitoring vibrasi & suhu untuk mencegah downtime
3. **Remote Monitoring Dashboard** - Real-time monitoring via web & mobile app
4. **Energy Management System** - Monitoring konsumsi listrik & carbon footprint
5. **Custom IoT Development** - Solusi custom sesuai kebutuhan operasional

**Produk Unggulan:**
- **SRT-MGATE-1210** - Industrial Modbus-to-MQTT Gateway (Rp 2.7jt)
- **SURGE Platform** - Multi-tenant IoT Monitoring SaaS (mulai $29/bulan)

**Track Record:**
- 55+ proyek sukses di sektor Manufacturing, Energy, Maritime, dan Logistics
- Klien: Industrial parks, Water utilities, Energy companies

Apakah Bapak/Ibu berkenan untuk meeting singkat (15-20 menit) via Zoom atau kunjungan ke kantor untuk diskusi lebih lanjut tentang kebutuhan PT Mitra Karya Sarana (MKS)?

Hormat kami,

Tim SURIOTA
PT Surya Inovasi Prioritas
Website: www.suriota.com
WhatsApp: +62 858-3567-2476
Email: sales@suriota.com
","Dear Alfis Vernando,
(Chief Marketing Officer)

Warm greetings from PT Surya Inovasi Prioritas (SURIOTA).

We are a technology company specializing in Industrial IoT Services and System Integration based in Batam. Recognizing PT Mitra Karya Sarana (MKS) as a leading company in Steel Fabrication, Machining, Marine Contractor, we believe there are mutually beneficial collaboration opportunities.

**Our Services Relevant to Your Industry:**

1. **System Integration** - PLC/SCADA to Cloud, Modbus to MQTT connectivity
2. **Predictive Maintenance** - Vibration & temperature monitoring to prevent downtime
3. **Remote Monitoring Dashboard** - Real-time monitoring via web & mobile app
4. **Energy Management System** - Power consumption & carbon footprint tracking
5. **Custom IoT Development** - Tailored solutions for your operational needs

**Key Products:**
- **SRT-MGATE-1210** - Industrial Modbus-to-MQTT Gateway (~$169)
- **SURGE Platform** - Multi-tenant IoT Monitoring SaaS (from $29/month)

**Track Record:**
- 55+ successful projects in Manufacturing, Energy, Maritime, and Logistics
- Clients: Industrial parks, Water utilities, Energy companies

Would you be available for a brief meeting (15-20 minutes) via Zoom or an office visit to discuss PT Mitra Karya Sarana (MKS)'s specific needs?

Best regards,

SURIOTA Team
PT Surya Inovasi Prioritas
Website: www.suriota.com
WhatsApp: +62 858-3567-2476
Email: sales@suriota.com
",99,Hunter.io
riska.oktaviani@mitrakaryasarana.com,Riska Oktaviani,PT Mitra Karya Sarana (MKS),Sales Engineer,"Steel Fabrication, Machining, Marine Contractor",,Fabrication & Marine,Batam,Solusi Industrial IoT untuk PT Mitra Karya Sarana (MKS) - SURIOTA,"Kepada Yth. Riska Oktaviani,
(Sales Engineer)

Salam hangat dari PT Surya Inovasi Prioritas (SURIOTA).

Kami adalah perusahaan teknologi yang bergerak di bidang Industrial IoT Services dan System Integration berbasis di Batam. Melihat PT Mitra Karya Sarana (MKS) sebagai perusahaan terkemuka di bidang Steel Fabrication, Machining, Marine Contractor, kami yakin ada peluang kolaborasi yang dapat saling menguntungkan.

**Layanan Kami yang Relevan untuk Industri Anda:**

1. **System Integration** - Koneksi PLC/SCADA ke Cloud, Modbus ke MQTT
2. **Predictive Maintenance** - Monitoring vibrasi & suhu untuk mencegah downtime
3. **Remote Monitoring Dashboard** - Real-time monitoring via web & mobile app
4. **Energy Management System** - Monitoring konsumsi listrik & carbon footprint
5. **Custom IoT Development** - Solusi custom sesuai kebutuhan operasional

**Produk Unggulan:**
- **SRT-MGATE-1210** - Industrial Modbus-to-MQTT Gateway (Rp 2.7jt)
- **SURGE Platform** - Multi-tenant IoT Monitoring SaaS (mulai $29/bulan)

**Track Record:**
- 55+ proyek sukses di sektor Manufacturing, Energy, Maritime, dan Logistics
- Klien: Industrial parks, Water utilities, Energy companies

Apakah Bapak/Ibu berkenan untuk meeting singkat (15-20 menit) via Zoom atau kunjungan ke kantor untuk diskusi lebih lanjut tentang kebutuhan PT Mitra Karya Sarana (MKS)?

Hormat kami,

Tim SURIOTA
PT Surya Inovasi Prioritas
Website: www.suriota.com
WhatsApp: +62 858-3567-2476
Email: sales@suriota.com
","Dear Riska Oktaviani,
(Sales Engineer)

Warm greetings from PT Surya Inovasi Prioritas (SURIOTA).

We are a technology company specializing in Industrial IoT Services and System Integration based in Batam. Recognizing PT Mitra Karya Sarana (MKS) as a leading company in Steel Fabrication, Machining, Marine Contractor, we believe there are mutually beneficial collaboration opportunities.

**Our Services Relevant to Your Industry:**

1. **System Integration** - PLC/SCADA to Cloud, Modbus to MQTT connectivity
2. **Predictive Maintenance** - Vibration & temperature monitoring to prevent downtime
3. **Remote Monitoring Dashboard** - Real-time monitoring via web & mobile app
4. **Energy Management System** - Power consumption & carbon footprint tracking
5. **Custom IoT Development** - Tailored solutions for your operational needs

**Key Products:**
- **SRT-MGATE-1210** - Industrial Modbus-to-MQTT Gateway (~$169)
- **SURGE Platform** - Multi-tenant IoT Monitoring SaaS (from $29/month)

**Track Record:**
- 55+ successful projects in Manufacturing, Energy, Maritime, and Logistics
- Clients: Industrial parks, Water utilities, Energy companies

Would you be available for a brief meeting (15-20 minutes) via Zoom or an office visit to discuss PT Mitra Karya Sarana (MKS)'s specific needs?

Best regards,

SURIOTA Team
PT Surya Inovasi Prioritas
Website: www.suriota.com
WhatsApp: +62 858-3567-2476
Email: sales@suriota.com
",98,Hunter.io
roganda.berasa@mitrakaryasarana.com,Roganda Berasa,PT Mitra Karya Sarana (MKS),Mechanical Drafter,"Steel Fabrication, Machining, Marine Contractor",,Fabrication & Marine,Batam,Solusi Industrial IoT untuk PT Mitra Karya Sarana (MKS) - SURIOTA,"Kepada Yth. Roganda Berasa,
(Mechanical Drafter)

Salam hangat dari PT Surya Inovasi Prioritas (SURIOTA).

Kami adalah perusahaan teknologi yang bergerak di bidang Industrial IoT Services dan System Integration berbasis di Batam. Melihat PT Mitra Karya Sarana (MKS) sebagai perusahaan terkemuka di bidang Steel Fabrication, Machining, Marine Contractor, kami yakin ada peluang kolaborasi yang dapat saling menguntungkan.

**Layanan Kami yang Relevan untuk Industri Anda:**

1. **System Integration** - Koneksi PLC/SCADA ke Cloud, Modbus ke MQTT
2. **Predictive Maintenance** - Monitoring vibrasi & suhu untuk mencegah downtime
3. **Remote Monitoring Dashboard** - Real-time monitoring via web & mobile app
4. **Energy Management System** - Monitoring konsumsi listrik & carbon footprint
5. **Custom IoT Development** - Solusi custom sesuai kebutuhan operasional

**Produk Unggulan:**
- **SRT-MGATE-1210** - Industrial Modbus-to-MQTT Gateway (Rp 2.7jt)
- **SURGE Platform** - Multi-tenant IoT Monitoring SaaS (mulai $29/bulan)

**Track Record:**
- 55+ proyek sukses di sektor Manufacturing, Energy, Maritime, dan Logistics
- Klien: Industrial parks, Water utilities, Energy companies

Apakah Bapak/Ibu berkenan untuk meeting singkat (15-20 menit) via Zoom atau kunjungan ke kantor untuk diskusi lebih lanjut tentang kebutuhan PT Mitra Karya Sarana (MKS)?

Hormat kami,

Tim SURIOTA
PT Surya Inovasi Prioritas
Website: www.suriota.com
WhatsApp: +62 858-3567-2476
Email: sales@suriota.com
","Dear Roganda Berasa,
(Mechanical Drafter)

Warm greetings from PT Surya Inovasi Prioritas (SURIOTA).

We are a technology company specializing in Industrial IoT Services and System Integration based in Batam. Recognizing PT Mitra Karya Sarana (MKS) as a leading company in Steel Fabrication, Machining, Marine Contractor, we believe there are mutually beneficial collaboration opportunities.

**Our Services Relevant to Your Industry:**

1. **System Integration** - PLC/SCADA to Cloud, Modbus to MQTT connectivity
2. **Predictive Maintenance** - Vibration & temperature monitoring to prevent downtime
3. **Remote Monitoring Dashboard** - Real-time monitoring via web & mobile app
4. **Energy Management System** - Power consumption & carbon footprint tracking
5. **Custom IoT Development** - Tailored solutions for your operational needs

**Key Products:**
- **SRT-MGATE-1210** - Industrial Modbus-to-MQTT Gateway (~$169)
- **SURGE Platform** - Multi-tenant IoT Monitoring SaaS (from $29/month)

**Track Record:**
- 55+ successful projects in Manufacturing, Energy, Maritime, and Logistics
- Clients: Industrial parks, Water utilities, Energy companies

Would you be available for a brief meeting (15-20 minutes) via Zoom or an office visit to discuss PT Mitra Karya Sarana (MKS)'s specific needs?

Best regards,

SURIOTA Team
PT Surya Inovasi Prioritas
Website: www.suriota.com
WhatsApp: +62 858-3567-2476
Email: sales@suriota.com
",97,Hunter.io
herliana@mitrakaryasarana.com,Herliana,PT Mitra Karya Sarana (MKS),Contact Person,"Steel Fabrication, Machining, Marine Contractor",,Fabrication & Marine,Batam,Solusi Industrial IoT untuk PT Mitra Karya Sarana (MKS) - SURIOTA,"Kepada Yth. Herliana,

Salam hangat dari PT Surya Inovasi Prioritas (SURIOTA).

Kami adalah perusahaan teknologi yang bergerak di bidang Industrial IoT Services dan System Integration berbasis di Batam. Melihat PT Mitra Karya Sarana (MKS) sebagai perusahaan terkemuka di bidang Steel Fabrication, Machining, Marine Contractor, kami yakin ada peluang kolaborasi yang dapat saling menguntungkan.

**Layanan Kami yang Relevan untuk Industri Anda:**

1. **System Integration** - Koneksi PLC/SCADA ke Cloud, Modbus ke MQTT
2. **Predictive Maintenance** - Monitoring vibrasi & suhu untuk mencegah downtime
3. **Remote Monitoring Dashboard** - Real-time monitoring via web & mobile app
4. **Energy Management System** - Monitoring konsumsi listrik & carbon footprint
5. **Custom IoT Development** - Solusi custom sesuai kebutuhan operasional

**Produk Unggulan:**
- **SRT-MGATE-1210** - Industrial Modbus-to-MQTT Gateway (Rp 2.7jt)
- **SURGE Platform** - Multi-tenant IoT Monitoring SaaS (mulai $29/bulan)

**Track Record:**
- 55+ proyek sukses di sektor Manufacturing, Energy, Maritime, dan Logistics
- Klien: Industrial parks, Water utilities, Energy companies

Apakah Bapak/Ibu berkenan untuk meeting singkat (15-20 menit) via Zoom atau kunjungan ke kantor untuk diskusi lebih lanjut tentang kebutuhan PT Mitra Karya Sarana (MKS)?

Hormat kami,

Tim SURIOTA
PT Surya Inovasi Prioritas
Website: www.suriota.com
WhatsApp: +62 858-3567-2476
Email: sales@suriota.com
","Dear Herliana,

Warm greetings from PT Surya Inovasi Prioritas (SURIOTA).

We are a technology company specializing in Industrial IoT Services and System Integration based in Batam. Recognizing PT Mitra Karya Sarana (MKS) as a leading company in Steel Fabrication, Machining, Marine Contractor, we believe there are mutually beneficial collaboration opportunities.

**Our Services Relevant to Your Industry:**

1. **System Integration** - PLC/SCADA to Cloud, Modbus to MQTT connectivity
2. **Predictive Maintenance** - Vibration & temperature monitoring to prevent downtime
3. **Remote Monitoring Dashboard** - Real-time monitoring via web & mobile app
4. **Energy Management System** - Power consumption & carbon footprint tracking
5. **Custom IoT Development** - Tailored solutions for your operational needs

**Key Products:**
- **SRT-MGATE-1210** - Industrial Modbus-to-MQTT Gateway (~$169)
- **SURGE Platform** - Multi-tenant IoT Monitoring SaaS (from $29/month)

**Track Record:**
- 55+ successful projects in Manufacturing, Energy, Maritime, and Logistics
- Clients: Industrial parks, Water utilities, Energy companies

Would you be available for a brief meeting (15-20 minutes) via Zoom or an office visit to discuss PT Mitra Karya Sarana (MKS)'s specific needs?

Best regards,

SURIOTA Team
PT Surya Inovasi Prioritas
Website: www.suriota.com
WhatsApp: +62 858-3567-2476
Email: sales@suriota.com
",87,Hunter.io
sales@mitrakaryasarana.com,Sales Team,PT Mitra Karya Sarana (MKS),Sales,"Steel Fabrication, Machining, Marine Contractor",,Fabrication & Marine,Batam,Solusi Industrial IoT untuk PT Mitra Karya Sarana (MKS) - SURIOTA,"Kepada Yth. Sales Team,

Salam hangat dari PT Surya Inovasi Prioritas (SURIOTA).

Kami adalah perusahaan teknologi yang bergerak di bidang Industrial IoT Services dan System Integration berbasis di Batam. Melihat PT Mitra Karya Sarana (MKS) sebagai perusahaan terkemuka di bidang Steel Fabrication, Machining, Marine Contractor, kami yakin ada peluang kolaborasi yang dapat saling menguntungkan.

**Layanan Kami yang Relevan untuk Industri Anda:**

1. **System Integration** - Koneksi PLC/SCADA ke Cloud, Modbus ke MQTT
2. **Predictive Maintenance** - Monitoring vibrasi & suhu untuk mencegah downtime
3. **Remote Monitoring Dashboard** - Real-time monitoring via web & mobile app
4. **Energy Management System** - Monitoring konsumsi listrik & carbon footprint
5. **Custom IoT Development** - Solusi custom sesuai kebutuhan operasional

**Produk Unggulan:**
- **SRT-MGATE-1210** - Industrial Modbus-to-MQTT Gateway (Rp 2.7jt)
- **SURGE Platform** - Multi-tenant IoT Monitoring SaaS (mulai $29/bulan)

**Track Record:**
- 55+ proyek sukses di sektor Manufacturing, Energy, Maritime, dan Logistics
- Klien: Industrial parks, Water utilities, Energy companies

Apakah Bapak/Ibu berkenan untuk meeting singkat (15-20 menit) via Zoom atau kunjungan ke kantor untuk diskusi lebih lanjut tentang kebutuhan PT Mitra Karya Sarana (MKS)?

Hormat kami,

Tim SURIOTA
PT Surya Inovasi Prioritas
Website: www.suriota.com
WhatsApp: +62 858-3567-2476
Email: sales@suriota.com
","Dear Sales Team,

Warm greetings from PT Surya Inovasi Prioritas (SURIOTA).

We are a technology company specializing in Industrial IoT Services and System Integration based in Batam. Recognizing PT Mitra Karya Sarana (MKS) as a leading company in Steel Fabrication, Machining, Marine Contractor, we believe there are mutually beneficial collaboration opportunities.

**Our Services Relevant to Your Industry:**

1. **System Integration** - PLC/SCADA to Cloud, Modbus to MQTT connectivity
2. **Predictive Maintenance** - Vibration & temperature monitoring to prevent downtime
3. **Remote Monitoring Dashboard** - Real-time monitoring via web & mobile app
4. **Energy Management System** - Power consumption & carbon footprint tracking
5. **Custom IoT Development** - Tailored solutions for your operational needs

**Key Products:**
- **SRT-MGATE-1210** - Industrial Modbus-to-MQTT Gateway (~$169)
- **SURGE Platform** - Multi-tenant IoT Monitoring SaaS (from $29/month)

**Track Record:**
- 55+ successful projects in Manufacturing, Energy, Maritime, and Logistics
- Clients: Industrial parks, Water utilities, Energy companies

Would you be available for a brief meeting (15-20 minutes) via Zoom or an office visit to discuss PT Mitra Karya Sarana (MKS)'s specific needs?

Best regards,

SURIOTA Team
PT Surya Inovasi Prioritas
Website: www.suriota.com
WhatsApp: +62 858-3567-2476
Email: sales@suriota.com
",81,Hunter.io
admin@pt-lks.com,Admin Team,PT Lancang Kuning Sukses (LKS),Admin,"EPC, Engineering, Procurement, Construction, Manufacturing",,EPC & Manufacturing,Batam,Solusi Industrial IoT untuk PT Lancang Kuning Sukses (LKS) - SURIOTA,"Kepada Yth. Admin Team,

Salam hangat dari PT Surya Inovasi Prioritas (SURIOTA).

Kami adalah perusahaan teknologi yang bergerak di bidang Industrial IoT Services dan System Integration berbasis di Batam. Melihat PT Lancang Kuning Sukses (LKS) sebagai perusahaan terkemuka di bidang EPC, Engineering, Procurement, Construction, Manufacturing, kami yakin ada peluang kolaborasi yang dapat saling menguntungkan.

**Layanan Kami yang Relevan untuk Industri Anda:**

1. **System Integration** - Koneksi PLC/SCADA ke Cloud, Modbus ke MQTT
2. **Predictive Maintenance** - Monitoring vibrasi & suhu untuk mencegah downtime
3. **Remote Monitoring Dashboard** - Real-time monitoring via web & mobile app
4. **Energy Management System** - Monitoring konsumsi listrik & carbon footprint
5. **Custom IoT Development** - Solusi custom sesuai kebutuhan operasional

**Produk Unggulan:**
- **SRT-MGATE-1210** - Industrial Modbus-to-MQTT Gateway (Rp 2.7jt)
- **SURGE Platform** - Multi-tenant IoT Monitoring SaaS (mulai $29/bulan)

**Track Record:**
- 55+ proyek sukses di sektor Manufacturing, Energy, Maritime, dan Logistics
- Klien: Industrial parks, Water utilities, Energy companies

Apakah Bapak/Ibu berkenan untuk meeting singkat (15-20 menit) via Zoom atau kunjungan ke kantor untuk diskusi lebih lanjut tentang kebutuhan PT Lancang Kuning Sukses (LKS)?

Hormat kami,

Tim SURIOTA
PT Surya Inovasi Prioritas
Website: www.suriota.com
WhatsApp: +62 858-3567-2476
Email: sales@suriota.com
","Dear Admin Team,

Warm greetings from PT Surya Inovasi Prioritas (SURIOTA).

We are a technology company specializing in Industrial IoT Services and System Integration based in Batam. Recognizing PT Lancang Kuning Sukses (LKS) as a leading company in EPC, Engineering, Procurement, Construction, Manufacturing, we believe there are mutually beneficial collaboration opportunities.

**Our Services Relevant to Your Industry:**

1. **System Integration** - PLC/SCADA to Cloud, Modbus to MQTT connectivity
2. **Predictive Maintenance** - Vibration & temperature monitoring to prevent downtime
3. **Remote Monitoring Dashboard** - Real-time monitoring via web & mobile app
4. **Energy Management System** - Power consumption & carbon footprint tracking
5. **Custom IoT Development** - Tailored solutions for your operational needs

**Key Products:**
- **SRT-MGATE-1210** - Industrial Modbus-to-MQTT Gateway (~$169)
- **SURGE Platform** - Multi-tenant IoT Monitoring SaaS (from $29/month)

**Track Record:**
- 55+ successful projects in Manufacturing, Energy, Maritime, and Logistics
- Clients: Industrial parks, Water utilities, Energy companies

Would you be available for a brief meeting (15-20 minutes) via Zoom or an office visit to discuss PT Lancang Kuning Sukses (LKS)'s specific needs?

Best regards,

SURIOTA Team
PT Surya Inovasi Prioritas
Website: www.suriota.com
WhatsApp: +62 858-3567-2476
Email: sales@suriota.com
",80,Web Scraping
